<?xml version="1.0" encoding="UTF-8"?>
<project xmlns="http://www.netbeans.org/ns/project/1">
    <type>org.netbeans.modules.ant.freeform</type>
    <configuration>
        <general-data xmlns="http://www.netbeans.org/ns/freeform-project/1">
            <name>org.lejos.example</name>
        </general-data>
        <general-data xmlns="http://www.netbeans.org/ns/freeform-project/2">
            <!-- Do not use Project Properties customizer when editing this file manually. -->
            <name>org.lejos.example</name>
            <properties/>
            <folders>
                <source-folder>
                    <label>org.lejos.example</label>
                    <location>.</location>
                    <encoding>UTF-8</encoding>
                </source-folder>
                <source-folder>
                    <label>src</label>
                    <type>java</type>
                    <location>src</location>
                    <encoding>UTF-8</encoding>
                </source-folder>
            </folders>
            <ide-actions>
                <action name="build">
                    <target>compile</target>
                </action>
                <action name="clean">
                    <target>clean</target>
                </action>
                <action name="run">
                    <target>uploadandrun</target>
                </action>
                <action name="rebuild">
                    <target>clean</target>
                    <target>compile</target>
                </action>
                <action name="run.single">
                    <script>nbproject/ide-file-targets.xml</script>
                    <target>run-selected-file-in-src</target>
                    <context>
                        <property>run.class</property>
                        <folder>src</folder>
                        <pattern>\.java$</pattern>
                        <format>java-name</format>
                        <arity>
                            <one-file-only/>
                        </arity>
                    </context>
                </action>
                <action name="compile.single">
                    <script>nbproject/ide-file-targets.xml</script>
                    <target>compile-selected-files-in-src</target>
                    <context>
                        <property>files</property>
                        <folder>src</folder>
                        <pattern>\.java$</pattern>
                        <format>relative-path</format>
                        <arity>
                            <separated-files>,</separated-files>
                        </arity>
                    </context>
                </action>
            </ide-actions>
            <view>
                <items>
                    <source-folder style="packages">
                        <label>src</label>
                        <location>src</location>
                    </source-folder>
                    <source-file>
                        <location>build.xml</location>
                    </source-file>
                </items>
                <context-menu>
                    <ide-action name="build"/>
                    <ide-action name="rebuild"/>
                    <ide-action name="clean"/>
                    <ide-action name="run"/>
                </context-menu>
            </view>
            <subprojects/>
        </general-data>
        <java-data xmlns="http://www.netbeans.org/ns/freeform-project-java/1">
            <compilation-unit>
                <package-root>src</package-root>
                <classpath mode="compile">../snapshot/lib/nxt/classes.jar</classpath>
                <source-level>1.5</source-level>
            </compilation-unit>
        </java-data>
        <preferences xmlns="http://www.netbeans.org/ns/auxiliary-configuration-preferences/1">
            <module name="org-netbeans-modules-editor-indent">
                <node name="CodeStyle">
                    <property name="usedProfile" value="default"/>
                    <node name="project">
                        <property name="tab-size" value="8"/>
                        <property name="text-limit-width" value="80"/>
                    </node>
                </node>
            </module>
        </preferences>
    </configuration>
</project>
